lambda_n,n,lambda_k,k,alpha,Optical characterization and bandgap engineering of flat and wrinkle-textured FA0.83Cs0.17Pb(I1–xBrx)3 perovskite thin films https://doi.org/10.1063/1.5025728
192.13,1.784,198.641,0.496,326800.0,
196.331,1.76,199.517,0.544,356700.0,
200.64,1.769,200.372,0.57,372100.0,
204.949,1.788,201.214,0.597,388500.0,
209.257,1.801,202.883,0.622,401100.0,
213.566,1.799,205.394,0.652,415300.0,
217.875,1.78,206.47,0.673,426300.0,
222.184,1.753,210.775,0.693,429700.0,
226.493,1.728,215.352,0.677,410400.0,
230.802,1.694,217.949,0.652,390100.0,
234.572,1.68,221.572,0.634,372900.0,
241.574,1.659,223.688,0.605,352300.0,
245.883,1.656,226.558,0.587,337600.0,
250.192,1.659,231.58,0.565,317300.0,
254.501,1.661,235.884,0.564,310900.0,
258.809,1.661,239.83,0.568,308000.0,
263.118,1.664,242.496,0.582,311800.0,
267.427,1.66,246.645,0.593,312300.0,
271.736,1.662,250.591,0.607,314600.0,
276.045,1.659,256.33000000000004,0.627,317200.0,
280.354,1.661,262.78700000000003,0.645,318200.0,
284.663,1.664,269.602,0.664,319100.0,
288.971,1.663,273.835,0.673,318200.0,
293.28,1.671,278.211,0.693,322100.0,
297.589,1.684,282.515,0.703,321700.0,
300.821,1.693,286.82,0.728,328300.0,
305.397,1.704,291.124,0.742,329400.0,
306.575,1.715,295.19,0.758,331700.0,
310.108,1.73,299.016,0.794,342700.0,
312.463,1.749,303.32,0.811,344900.0,
314.968,1.773,306.548,0.82,345200.0,
318.351,1.803,309.657,0.846,352600.0,
320.943,1.828,312.288,0.873,360600.0,
323.73,1.86,315.516,0.903,368900.0,
326.595,1.884,320.036,0.926,372700.0,
328.656,1.907,323.363,0.946,376800.0,
331.305,1.933,326.19,0.965,380900.0,
333.366,1.959,327.887,0.987,387700.0,
335.133,1.985,329.864,1.005,392400.0,
338.371,2.021,333.81,1.023,394600.0,
339.601,2.056,338.832,1.042,395900.0,
342.493,2.083,342.777,1.043,391400.0,
344.987,2.119,346.826,1.038,385000.0,
348.757,2.151,351.438,1.034,378400.0,
352.635,2.184,354.466,1.023,371200.0,
356.836,2.226,357.839,1.013,363900.0,
361.145,2.26,360.661,0.999,355900.0,
364.377,2.293,365.507,0.985,346300.0,
369.009,2.323,368.604,0.965,336400.0,
372.671,2.347,372.072,0.939,324100.0,
377.303,2.375,376.137,0.926,315900.0,
381.612,2.396,378.392,0.894,303300.0,
385.921,2.407,380.213,0.872,294300.0,
390.23,2.414,383.618,0.856,286200.0,
394.539,2.411,385.344,0.832,276900.0,
398.848,2.404,387.033,0.81,268400.0,
403.156,2.392,389.36,0.789,260100.0,
407.465,2.383,392.368,0.773,252700.0,
411.774,2.374,394.311,0.746,242800.0,
416.083,2.366,396.583,0.727,235100.0,
420.392,2.357,400.836,0.707,226100.0,
424.701,2.355,402.681,0.683,217300.0,
429.01,2.354,405.141,0.665,210500.0,
433.319,2.357,409.496,0.653,204300.0,
437.627,2.362,412.725,0.64,198700.0,
441.936,2.373,418.823,0.61,186600.0,
446.245,2.384,423.127,0.604,183000.0,
450.554,2.398,427.431,0.6,179900.0,
454.863,2.413,431.736,0.599,177600.0,
459.172,2.429,436.04,0.597,175300.0,
463.481,2.443,440.345,0.598,173800.0,
467.79,2.457,444.649,0.599,172300.0,
472.098,2.468,447.519,0.598,171000.0,
476.407,2.477,455.41,0.6,168400.0,
480.716,2.485,459.715,0.591,164400.0,
485.025,2.493,464.019,0.583,160700.0,
489.334,2.497,468.324,0.572,156300.0,
493.643,2.5,472.628,0.559,151300.0,
497.952,2.502,476.932,0.545,145900.0,
502.26,2.502,481.237,0.529,140400.0,
506.569,2.502,485.541,0.511,134300.0,
510.878,2.502,489.846,0.492,128300.0,
515.187,2.5,494.15,0.475,122700.0,
519.496,2.499,498.455,0.457,117000.0,
523.805,2.496,502.759,0.438,111200.0,
528.114,2.494,507.063,0.421,106100.0,
532.423,2.489,511.368,0.406,101400.0,
536.731,2.481,515.672,0.392,96960.0,
541.04,2.468,519.977,0.379,92900.0,
545.349,2.449,524.281,0.366,89160.0,
549.658,2.431,528.586,0.356,85810.0,
553.967,2.418,532.89,0.346,82910.0,
558.276,2.411,537.195,0.337,80070.0,
562.585,2.405,541.499,0.33,77610.0,
566.893,2.401,545.803,0.322,75290.0,
571.202,2.398,550.108,0.314,72810.0,
575.511,2.396,554.412,0.307,70670.0,
579.82,2.393,558.717,0.3,68410.0,
584.129,2.39,563.021,0.292,66180.0,
588.438,2.387,567.326,0.285,64080.0,
592.747,2.385,571.63,0.278,62030.0,
597.056,2.382,575.934,0.272,60140.0,
601.364,2.379,580.239,0.266,58330.0,
605.673,2.377,584.543,0.259,56540.0,
609.982,2.374,588.848,0.253,54760.0,
614.291,2.372,593.152,0.248,53190.0,
618.6,2.369,597.457,0.242,51650.0,
622.909,2.366,601.761,0.238,50330.0,
627.218,2.364,606.066,0.234,49080.0,
631.527,2.361,610.37,0.23,47920.0,
635.835,2.359,614.674,0.226,46790.0,
640.144,2.356,618.979,0.222,45620.0,
644.453,2.354,623.283,0.217,44360.0,
648.762,2.352,627.588,0.212,43060.0,
653.071,2.349,631.892,0.21,42260.0,
657.38,2.347,636.197,0.208,41530.0,
661.689,2.347,640.501,0.204,40590.0,
665.997,2.345,644.805,0.203,40120.0,
668.691,2.347,648.751,0.202,39520.0,
674.615,2.341,654.748,0.199,38690.0,
678.924,2.334,660.403,0.197,38020.0,
682.156,2.318,666.48,0.195,37180.0,
686.465,2.308,673.46,0.192,36290.0,
691.657,2.31,682.828,0.191,35550.0,
696.849,2.321,687.132,0.19,35080.0,
700.569,2.336,691.437,0.19,34860.0,
703.7,2.354,695.741,0.189,34550.0,
708.009,2.373,700.046,0.185,33670.0,
712.318,2.384,704.35,0.178,32030.0,
716.627,2.383,708.655,0.165,29610.0,
720.936,2.374,712.959,0.147,26170.0,
725.244,2.361,717.263,0.124,21920.0,
729.553,2.348,721.568,0.098,17280.0,
733.862,2.335,725.872,0.076,13270.0,
738.171,2.323,730.177,0.057,9866.0,
742.48,2.314,734.481,0.043,7473.0,
746.789,2.305,738.786,0.035,5984.0,
751.098,2.294,743.09,0.028,4752.0,
755.406,2.287,747.395,0.023,3977.0,
759.715,2.279,751.699,0.021,3582.0,
764.024,2.273,756.003,0.019,3259.0,
768.333,2.267,760.308,0.017,2873.0,
772.642,2.261,764.612,0.016,2608.0,
776.951,2.256,768.917,0.014,2296.0,
781.26,2.251,771.786,0.014,2287.0,
785.569,2.247,776.897,0.01,1700.0,
789.877,2.242,783.118,0.01,1686.0,
794.186,2.238,789.338,0.009,1399.0,
798.495,2.234,796.69,0.007,1099.0,
802.804,2.23,804.042,0.005,820.9,
807.113,2.226,810.828,0.005,813.9,
811.422,2.222,817.048,0.002,264.0,
815.731,2.218,822.005,0.001,154.4,
820.04,2.214,826.309,0.0,15.36,
824.348,2.21,830.614,0.0,0.0,
828.657,2.206,834.918,0.0,0.0,
832.966,2.201,839.222,0.0,0.0,
837.275,2.195,843.527,0.0,0.0,
841.584,2.188,847.831,0.0,0.0,
845.893,2.177,852.136,0.0,0.0,
849.124,2.171,856.082,0.0,0.0,
